{"schemaVersion":"1.0","appDefinitionTemplate":{"id":"/providers/Microsoft.PowerApps/apps/","type":"Microsoft.PowerApps/apps","tags":{"primaryDeviceWidth":"2000","primaryDeviceHeight":"900","supportsPortrait":"true","supportsLandscape":"true","primaryFormFactor":"Tablet","publisherVersion":"3.24015.12","minimumRequiredApiVersion":"2.2.0","hasComponent":"false","hasUnlockedComponent":"false","isUnifiedRootApp":"false","sienaVersion":"20240211T061600Z-3.24015.12.0","showStatusBar":"false","offlineLargeFilesSupport":"false"},"properties":{"appVersion":"2024-02-11T06:16:00Z","lifeCycleId":"Published","createdByClientVersion":{"major":3,"minor":24015,"build":12,"revision":0,"majorRevision":0,"minorRevision":0},"minClientVersion":{"major":3,"minor":24015,"build":12,"revision":0,"majorRevision":0,"minorRevision":0},"backgroundColor":"RGBA(0,176,240,1)","backgroundImageUri":"/10668328879400519708/Ndd274279-6161-4980-bdd9-34f69094a79c-logoSmallFile","displayName":"TimeSheetapp","description":"","commitMessage":"","appUris":{"documentUri":{"value":"/10668328879400519708/N0f0bab78-51fc-4801-a8ad-e82af9161f44-document.msapp"},"imageUris":[],"additionalUris":[{"isSolutionAware":false,"value":"/10668328879400519708/Na19cbb7e-510b-4c81-b6cc-4fe25a01cf63-identity.json"}]},"createdTime":"0001-01-01T00:00:00Z","lastModifiedTime":"0001-01-01T00:00:00Z","sharedGroupsCount":0,"sharedUsersCount":0,"connectionReferences":{"b2b69aab-500a-4f8e-981a-e9a8f96f49f8":{"id":"7986d17f-a876-48ee-a8ea-ea51cd8c0d16","displayName":"Office 365 Users","iconUri":"https://connectoricons-prod.azureedge.net/releases/v1.0.1672/1.0.1672.3545/office365users/icon.png","dataSources":["Office365Users"],"dependencies":[],"dependents":[],"parameterHints":{},"parameterHintsV2":{},"isOnPremiseConnection":false,"bypassConsent":false,"dataSets":{},"apiTier":"Standard","isCustomApiConnection":false,"actions":["SearchUser","UserProfile"]},"5701c4b0-43f0-4ef4-96fb-70142feb66ae":{"id":"80776bea-6580-45e5-9e72-ed169f938f80","displayName":"SharePoint","iconUri":"https://connectoricons-prod.azureedge.net/releases/v1.0.1676/1.0.1676.3617/sharepointonline/icon.png","dataSources":["Project  Master","Employee Master","Morethan_2000recordlist","TimeSheet"],"dependencies":[],"dependents":["d7c5f5ec-f94e-4333-a74b-bc1ac9e881f6"],"parameterHints":{},"parameterHintsV2":{},"isOnPremiseConnection":false,"bypassConsent":false,"dataSets":{"https://alankaeon789.sharepoint.com/sites/AlankaeonTimesheet":{"dataSources":{"Project  Master":{"tableName":"5f2275a1-ae11-4b43-86d9-ee2317460542"},"Morethan_2000recordlist":{"tableName":"0625ea1d-9907-49b5-8fd4-7f67055362ed"},"TimeSheet":{"tableName":"871f01cb-25f5-4b36-8d2d-e14c21f3138c"}}}},"apiTier":"Standard","isCustomApiConnection":false,"actions":["providers/PowerPlatform.Governance/Operations/Read","providers/PowerPlatform.Governance/Operations/Write","providers/PowerPlatform.Governance/Operations/Delete"]},"957b99aa-466a-452a-aa2d-5b09c0ec6f08":{"id":"80776bea-6580-45e5-9e72-ed169f938f80","displayName":"SharePoint","iconUri":"https://connectoricons-prod.azureedge.net/releases/v1.0.1676/1.0.1676.3617/sharepointonline/icon.png","dataSources":["Employee Master"],"dependencies":[],"dependents":[],"parameterHints":{},"parameterHintsV2":{},"isOnPremiseConnection":false,"bypassConsent":false,"dataSets":{"https://alankaeon789.sharepoint.com/sites/AlankaeonTimesheet":{"dataSources":{"Employee Master":{"tableName":"bc5259f0-e122-4bd8-ac5d-7932f4716f1d"}}}},"apiTier":"Standard","isCustomApiConnection":false,"actions":["providers/PowerPlatform.Governance/Operations/Read","providers/PowerPlatform.Governance/Operations/Write","providers/PowerPlatform.Governance/Operations/Delete"]},"32bd5712-5db2-4a3d-936f-45d6efca9f17":{"id":"13f56dfc-82e0-48f2-bcf7-7a1a772bf3db","displayName":"Logic flows","iconUri":"https://connectoricons-prod.azureedge.net/releases/v1.0.1664/1.0.1664.3477/logicflows/icon.png","dataSources":["sendtimesheetpdfviamail"],"dependencies":["feca8ddc-8638-4f4c-b68b-ed609532f4c2","d54cb13d-2351-4fd5-823c-789861e5b4fc"],"dependents":[],"parameterHints":{"workflowName":{"value":"6293662d-aef0-4eb1-bb74-2f091ee31b0d"},"workflowEntityId":{},"feca8ddc-8638-4f4c-b68b-ed609532f4c2":{"value":"shared_onedriveforbusiness"},"d54cb13d-2351-4fd5-823c-789861e5b4fc":{"value":"shared_office365"}},"parameterHintsV2":{"workflowName":{"value":"6293662d-aef0-4eb1-bb74-2f091ee31b0d"},"workflowEntityId":{},"shared_onedriveforbusiness":{"value":"feca8ddc-8638-4f4c-b68b-ed609532f4c2"},"shared_office365":{"value":"d54cb13d-2351-4fd5-823c-789861e5b4fc"}},"isOnPremiseConnection":false,"bypassConsent":false,"dataSets":{},"apiTier":"Standard","isCustomApiConnection":false,"actions":["Run"],"nestedActions":[{"id":"/providers/Microsoft.PowerApps/apis/shared_onedriveforbusiness/apiOperations/CreateFile","apiName":"OneDrive for Business","actionName":"CreateFile","referencedResources":[]},{"id":"/providers/Microsoft.PowerApps/apis/shared_onedriveforbusiness/apiOperations/ConvertFile","apiName":"OneDrive for Business","actionName":"ConvertFile","referencedResources":[]},{"id":"/providers/Microsoft.PowerApps/apis/shared_onedriveforbusiness/apiOperations/DeleteFile","apiName":"OneDrive for Business","actionName":"DeleteFile","referencedResources":[]},{"id":"/providers/Microsoft.PowerApps/apis/shared_office365/apiOperations/SendEmailV2","apiName":"Office 365 Outlook","actionName":"SendEmailV2","referencedResources":[]},{"id":"/providers/Microsoft.PowerApps/apis/shared_onedriveforbusiness/apiOperations/GetFileContent","apiName":"OneDrive for Business","actionName":"GetFileContent","referencedResources":[]}]},"feca8ddc-8638-4f4c-b68b-ed609532f4c2":{"id":"55756484-0ec5-4a1c-a180-f38f2989915b","displayName":"OneDrive for Business","iconUri":"https://connectoricons-prod.azureedge.net/releases/v1.0.1669/1.0.1669.3522/onedriveforbusiness/icon.png","dataSources":[],"dependencies":[],"dependents":["32bd5712-5db2-4a3d-936f-45d6efca9f17"],"parameterHints":{},"parameterHintsV2":{},"isOnPremiseConnection":false,"bypassConsent":false,"dataSets":{},"apiTier":"Standard","isCustomApiConnection":false},"d54cb13d-2351-4fd5-823c-789861e5b4fc":{"id":"31a971df-7b76-4991-aaa1-3e7bcaf2fcd2","displayName":"Office 365 Outlook","iconUri":"https://connectoricons-prod.azureedge.net/releases/v1.0.1676/1.0.1676.3617/office365/icon.png","dataSources":[],"dependencies":[],"dependents":["32bd5712-5db2-4a3d-936f-45d6efca9f17"],"parameterHints":{},"parameterHintsV2":{},"isOnPremiseConnection":false,"bypassConsent":false,"dataSets":{},"apiTier":"Standard","isCustomApiConnection":false},"d7c5f5ec-f94e-4333-a74b-bc1ac9e881f6":{"id":"13f56dfc-82e0-48f2-bcf7-7a1a772bf3db","displayName":"Logic flows","iconUri":"https://connectoricons-prod.azureedge.net/releases/v1.0.1664/1.0.1664.3477/logicflows/icon.png","dataSources":["TimesheetReportexporttoexcel"],"dependencies":["5701c4b0-43f0-4ef4-96fb-70142feb66ae"],"dependents":[],"parameterHints":{"workflowName":{"value":"1dd10a4d-a51a-40b8-a3ee-4b70218e41bb"},"workflowEntityId":{},"5701c4b0-43f0-4ef4-96fb-70142feb66ae":{"value":"shared_sharepointonline"}},"parameterHintsV2":{"workflowName":{"value":"1dd10a4d-a51a-40b8-a3ee-4b70218e41bb"},"workflowEntityId":{},"shared_sharepointonline":{"value":"5701c4b0-43f0-4ef4-96fb-70142feb66ae"}},"isOnPremiseConnection":false,"bypassConsent":false,"dataSets":{},"apiTier":"Standard","isCustomApiConnection":false,"actions":["Run"],"nestedActions":[{"id":"/providers/Microsoft.PowerApps/apis/shared_sharepointonline/apiOperations/CreateFile","apiName":"SharePoint","actionName":"CreateFile","referencedResources":[{"key":"site","value":"https://alankaeon789.sharepoint.com/sites/AlankaeonTimesheet"}]}]}},"databaseReferences":{},"almMode":"Environment","performanceOptimizationEnabled":true,"canConsumeAppPass":true,"enableModernRuntimeMode":false,"executionRestrictions":{"isTeamsOnly":false,"dataLossPreventionEvaluationResult":{"status":"Compliant","lastEvaluationDate":"2024-02-11T06:16:07.1231641Z","violations":[],"violationsByPolicy":[],"violationErrorMessage":"The app uses the following connectors: shared_office365users, shared_sharepointonline, shared_logicflows, shared_onedriveforbusiness, shared_office365."},"httpActionRestriction":{"appUsesSharepointHttpAction":false,"enforcementStrategy":"Legacy","evaluationTime":"2024-02-11T06:16:07.1230085Z"}}},"appType":"ClassicCanvasApp","appComponents":[]}}