{"name":"67cd3c01-ddc9-401a-a974-e1c37ae3a605","id":"/providers/Microsoft.Flow/flows/67cd3c01-ddc9-401a-a974-e1c37ae3a605","type":"Microsoft.Flow/flows","properties":{"apiId":"/providers/Microsoft.PowerApps/apis/shared_logicflows","displayName":"Timesheet Report export to excel","definition":{"metadata":{"workflowEntityId":null,"processAdvisorMetadata":null,"flowChargedByPaygo":null,"flowclientsuspensionreason":"AllActionsFailingDetected","flowclientsuspensiontime":"2023-05-12T19:43:26.1804913Z","flowclientsuspensionreasondetails":"Your flow has failed consistently for 14 days. We disabled it on 5/12/2023 7:43:25 PM.","creator":{"id":"f055559c-8c89-4309-bea9-30e5d3724195","type":"User","tenantId":"f2c6769c-5005-42ae-b64b-bfd1758bc7e2"},"provisioningMethod":"FromDefinition","failureAlertSubscription":true,"clientLastModifiedTime":"2023-04-11T10:18:28.2420613Z"},"$schema":"https://schema.management.azure.com/providers/Microsoft.Logic/schemas/2016-06-01/workflowdefinition.json#","contentVersion":"1.0.0.0","parameters":{"$connections":{"defaultValue":{},"type":"Object"},"$authentication":{"defaultValue":{},"type":"SecureObject"}},"triggers":{"manual":{"metadata":{"operationMetadataId":"da98997a-a22e-41c6-8908-157e4dce189c"},"type":"Request","kind":"PowerAppV2","inputs":{"schema":{"type":"object","properties":{"text":{"title":"Input","type":"string","x-ms-dynamically-added":true,"description":"Please enter your input","x-ms-content-hint":"TEXT"},"text_1":{"title":"Input 1","type":"string","x-ms-dynamically-added":true,"description":"Please enter your input","x-ms-content-hint":"TEXT"}},"required":["text","text_1"]}}}},"actions":{"Compose":{"runAfter":{},"metadata":{"operationMetadataId":"5ca68965-c838-4546-8229-f81b6c34ef06"},"type":"Compose","inputs":"@triggerBody()['text']"},"Parse_JSON":{"runAfter":{"Compose":["Succeeded"]},"metadata":{"operationMetadataId":"0e960046-623f-43a1-98d8-46949e71d4f6"},"type":"ParseJson","inputs":{"content":"@triggerBody()['text']","schema":{"type":"array","items":{"type":"object","properties":{"Employee":{"type":"string"},"Employee_Email":{"type":"string"},"Finishing_Time":{"type":"string"},"Hours":{"type":"integer"},"Manager_Email":{"type":"object","properties":{"Id":{"type":"integer"},"Value":{"type":"string"}}},"Manager_Name":{"type":"object","properties":{"Id":{"type":"integer"},"Value":{"type":"string"}}},"Projects":{"type":"object","properties":{"Id":{"type":"integer"},"Value":{"type":"string"}}},"StartTime":{"type":"string"},"Status":{"type":"object","properties":{"Value":{"type":"string"}}}},"required":["Employee","Employee_Email","Manager_Email","Manager_Name","Projects","Status"]}}}},"Create_CSV_table":{"runAfter":{"Parse_JSON":["Succeeded"]},"metadata":{"operationMetadataId":"b5410448-e453-4304-b64c-9abf371c2253"},"type":"Table","inputs":{"from":"@body('Parse_JSON')","format":"CSV","columns":[{"header":"Employee","value":"@item()['Employee']"},{"header":"EmployeeMail","value":"@item()['Employee_Email']"},{"header":"Project","value":"@item()?['Projects']['Value']"},{"header":"Manager","value":"@item()?['Manager_Name']['Value']"},{"header":"ManagerMail","value":"@item()?['Manager_Email']['Value']"},{"header":"Hours","value":"@item()?['Hours']"},{"header":"Status","value":"@item()?['Status']['Value']"},{"header":"StartTime","value":"@item()?['StartTime']"},{"header":"EndTime","value":"@item()?['Finishing_Time']"}]}},"Create_file":{"runAfter":{"Create_CSV_table":["Succeeded"]},"metadata":{"operationMetadataId":"d64f4598-bf1a-4a9f-8810-627cc29f8c0a"},"type":"OpenApiConnection","inputs":{"host":{"apiId":"/providers/Microsoft.PowerApps/apis/shared_sharepointonline","connectionName":"shared_sharepointonline","operationId":"CreateFile"},"parameters":{"dataset":"https://alankaeon789.sharepoint.com/sites/AlankaeonTimesheet","folderPath":"/Shared Documents/TimeSheet Reports Csv","name":"@{triggerBody()['text_1']}@{utcNow()}.csv","body":"@body('Create_CSV_table')"},"authentication":{"value":"@json(decodeBase64(triggerOutputs().headers['X-MS-APIM-Tokens']))['$ConnectionKey']","type":"Raw"}},"runtimeConfiguration":{"contentTransfer":{"transferMode":"Chunked"}}},"Compose_2":{"runAfter":{"Create_file":["Succeeded"]},"metadata":{"operationMetadataId":"5b4858e9-f88c-414f-9ff1-ba0cd293f7db"},"type":"Compose","inputs":"https://alankaeon789.sharepoint.com/sites/AlankaeonTimesheet@{outputs('Create_file')?['body/Path']}"},"Respond_to_a_PowerApp_or_flow":{"runAfter":{"Compose_2":["Succeeded"]},"metadata":{"operationMetadataId":"590f2e4f-3b57-4cad-bccd-f0181e4afb0c"},"type":"Response","kind":"PowerApp","inputs":{"statusCode":200,"body":{"fileurl":"@{outputs('Compose_2')}"},"schema":{"type":"object","properties":{"fileurl":{"title":"fileurl","x-ms-dynamically-added":true,"type":"string"}}}}}}},"connectionReferences":{"shared_sharepointonline":{"connectionName":"6484cbd182c04aa4a4d7ee0a574076dd","source":"Invoker","id":"/providers/Microsoft.PowerApps/apis/shared_sharepointonline","tier":"NotSpecified"}},"flowFailureAlertSubscribed":false,"isManaged":false}}